{"stats":{"minecraft:dropped":{"minecraft:sweet_berries":15,"minecraft:wheat_seeds":1,"minecraft:stone_sword":1,"minecraft:rotten_flesh":1,"minecraft:torch":24,"minecraft:mutton":2,"minecraft:beef":3,"minecraft:stone_pickaxe":2},"minecraft:mined":{"minecraft:flowering_azalea":1,"minecraft:deepslate_diamond_ore":6,"minecraft:clay":4,"minecraft:crafting_table":1,"minecraft:torch":1,"minecraft:short_grass":2,"minecraft:grass_block":1,"minecraft:tall_grass":4,"minecraft:deepslate_coal_ore":3,"minecraft:spruce_leaves":4,"minecraft:moss_block":2,"minecraft:diorite":3,"minecraft:sandstone":1,"minecraft:large_fern":7,"minecraft:furnace":2,"minecraft:iron_ore":14,"minecraft:sweet_berry_bush":32,"minecraft:spruce_log":15,"minecraft:coal_ore":1,"minecraft:cave_vines":2,"minecraft:deepslate_iron_ore":11,"minecraft:dirt":2,"minecraft:sand":4,"minecraft:stone":59,"minecraft:deepslate":1},"minecraft:custom":{"minecraft:interact_with_furnace":7,"minecraft:mob_kills":13,"minecraft:interact_with_crafting_table":5,"minecraft:time_since_death":3619,"minecraft:time_since_rest":3650,"minecraft:sprint_one_cm":69129,"minecraft:damage_taken":1284,"minecraft:walk_one_cm":60579,"minecraft:drop":29,"minecraft:damage_dealt":1875,"minecraft:swim_one_cm":16546,"minecraft:fly_one_cm":91503,"minecraft:open_chest":1,"minecraft:crouch_one_cm":14128,"minecraft:play_time":41968,"minecraft:deaths":2,"minecraft:sneak_time":6049,"minecraft:walk_under_water_one_cm":6984,"minecraft:boat_one_cm":86431,"minecraft:jump":600,"minecraft:walk_on_water_one_cm":6614,"minecraft:total_world_time":41968,"minecraft:fall_one_cm":16233},"minecraft:broken":{"minecraft:wooden_pickaxe":1},"minecraft:used":{"minecraft:moss_block":5,"minecraft:cooked_mutton":2,"minecraft:stone_sword":49,"minecraft:stone_pickaxe":71,"minecraft:spruce_planks":1,"minecraft:wooden_pickaxe":52,"minecraft:sandstone":1,"minecraft:torch":1,"minecraft:dirt":3,"minecraft:sand":2,"minecraft:crafting_table":1,"minecraft:spider_eye":1,"minecraft:iron_pickaxe":8,"minecraft:sweet_berries":45,"minecraft:furnace":1},"minecraft:picked_up":{"minecraft:crafting_table":8,"minecraft:clay_ball":60,"minecraft:brown_mushroom":3,"minecraft:leather":2,"minecraft:golden_leggings":2,"minecraft:flint":7,"minecraft:gunpowder":6,"minecraft:string":2,"minecraft:dirt":3,"minecraft:flint_and_steel":2,"minecraft:bone":8,"minecraft:wheat_seeds":3,"minecraft:cobbled_deepslate":1,"minecraft:spruce_planks":29,"minecraft:iron_ingot":2,"minecraft:beef":3,"minecraft:stone_pickaxe":3,"minecraft:azalea":1,"minecraft:moss_block":8,"minecraft:flowering_azalea":4,"minecraft:furnace":4,"minecraft:stick":16,"minecraft:raw_iron":66,"minecraft:sandstone":3,"minecraft:sweet_berries":148,"minecraft:torch":29,"minecraft:sand":11,"minecraft:spruce_sapling":2,"minecraft:diorite":9,"minecraft:spruce_log":27,"minecraft:spider_eye":2,"minecraft:stone_sword":4,"minecraft:arrow":4,"minecraft:rotten_flesh":4,"minecraft:diamond":6,"minecraft:spruce_boat":3,"minecraft:gray_wool":1,"minecraft:coal":4,"minecraft:obsidian":4,"minecraft:glow_berries":21,"minecraft:mutton":2,"minecraft:white_wool":3,"minecraft:cobblestone":164},"minecraft:killed_by":{"minecraft:player":1,"minecraft:enderman":1},"minecraft:killed":{"minecraft:spider":2,"minecraft:creeper":1,"minecraft:sheep":1,"minecraft:skeleton":2,"minecraft:zombie":6,"minecraft:cow":1},"minecraft:crafted":{"minecraft:spruce_planks":24,"minecraft:wooden_pickaxe":1,"minecraft:cooked_mutton":2,"minecraft:air":0,"minecraft:stick":12,"minecraft:iron_ingot":4,"minecraft:iron_pickaxe":1,"minecraft:stone_pickaxe":2,"minecraft:torch":16}},"DataVersion":3955}