{"stats":{"minecraft:dropped":{"minecraft:mutton":2,"minecraft:stone_pickaxe":1,"minecraft:beef":3},"minecraft:mined":{"minecraft:large_fern":7,"minecraft:sweet_berry_bush":31,"minecraft:spruce_log":14,"minecraft:crafting_table":1,"minecraft:grass_block":1,"minecraft:dirt":2,"minecraft:spruce_leaves":4,"minecraft:stone":14},"minecraft:custom":{"minecraft:time_since_rest":17968,"minecraft:interact_with_furnace":1,"minecraft:sprint_one_cm":34438,"minecraft:damage_taken":10,"minecraft:walk_one_cm":19680,"minecraft:mob_kills":2,"minecraft:drop":6,"minecraft:damage_dealt":130,"minecraft:swim_one_cm":10284,"minecraft:interact_with_crafting_table":2,"minecraft:fly_one_cm":31905,"minecraft:crouch_one_cm":5809,"minecraft:play_time":17968,"minecraft:sneak_time":2507,"minecraft:walk_under_water_one_cm":350,"minecraft:jump":197,"minecraft:time_since_death":17968,"minecraft:walk_on_water_one_cm":1476,"minecraft:total_world_time":17968,"minecraft:fall_one_cm":5082},"minecraft:used":{"minecraft:wooden_pickaxe":31,"minecraft:dirt":3,"minecraft:sweet_berries":6},"minecraft:picked_up":{"minecraft:crafting_table":1,"minecraft:sweet_berries":79,"minecraft:leather":1,"minecraft:spruce_log":13,"minecraft:dirt":3,"minecraft:stone_sword":1,"minecraft:rotten_flesh":1,"minecraft:wheat_seeds":1,"minecraft:beef":3,"minecraft:mutton":2,"minecraft:white_wool":1,"minecraft:cobblestone":14},"minecraft:crafted":{"minecraft:spruce_planks":24,"minecraft:stick":12,"minecraft:wooden_pickaxe":1,"minecraft:stone_pickaxe":2},"minecraft:killed":{"minecraft:sheep":1,"minecraft:cow":1}},"DataVersion":3955}