{"stats":{"minecraft:dropped":{"minecraft:sweet_berries":34,"minecraft:wheat_seeds":4,"minecraft:stone_sword":1,"minecraft:iron_helmet":1,"minecraft:rotten_flesh":1,"minecraft:iron_boots":1,"minecraft:shield":1,"minecraft:torch":25,"minecraft:iron_chestplate":1,"minecraft:mutton":2,"minecraft:iron_leggings":1,"minecraft:beef":3,"minecraft:stone_pickaxe":2,"minecraft:iron_pickaxe":2,"minecraft:bucket":1},"minecraft:mined":{"minecraft:flowering_azalea":1,"minecraft:hanging_roots":1,"minecraft:deepslate_diamond_ore":6,"minecraft:clay":4,"minecraft:crafting_table":2,"minecraft:torch":2,"minecraft:granite":30,"minecraft:short_grass":6,"minecraft:grass_block":1,"minecraft:tall_grass":4,"minecraft:deepslate_coal_ore":3,"minecraft:spruce_leaves":4,"minecraft:moss_block":5,"minecraft:diorite":3,"minecraft:sandstone":1,"minecraft:rooted_dirt":3,"minecraft:large_fern":7,"minecraft:furnace":3,"minecraft:iron_ore":30,"minecraft:sweet_berry_bush":32,"minecraft:spruce_log":15,"minecraft:coal_ore":10,"minecraft:cave_vines":3,"minecraft:deepslate_iron_ore":32,"minecraft:dirt":2,"minecraft:sand":4,"minecraft:cobweb":18,"minecraft:stone":122,"minecraft:deepslate":1},"minecraft:custom":{"minecraft:interact_with_furnace":26,"minecraft:mob_kills":18,"minecraft:interact_with_crafting_table":15,"minecraft:time_since_death":27619,"minecraft:climb_one_cm":391,"minecraft:time_since_rest":27650,"minecraft:sprint_one_cm":103380,"minecraft:damage_taken":1437,"minecraft:walk_one_cm":96070,"minecraft:drop":42,"minecraft:damage_dealt":2697,"minecraft:swim_one_cm":23362,"minecraft:fly_one_cm":108389,"minecraft:open_chest":1,"minecraft:crouch_one_cm":24927,"minecraft:play_time":65968,"minecraft:deaths":2,"minecraft:sneak_time":10282,"minecraft:walk_under_water_one_cm":9316,"minecraft:boat_one_cm":86431,"minecraft:jump":821,"minecraft:walk_on_water_one_cm":13294,"minecraft:total_world_time":65968,"minecraft:fall_one_cm":20044},"minecraft:broken":{"minecraft:stone_pickaxe":1,"minecraft:wooden_pickaxe":1},"minecraft:used":{"minecraft:azalea":1,"minecraft:moss_block":5,"minecraft:cooked_mutton":2,"minecraft:diorite":3,"minecraft:stone_sword":88,"minecraft:tropical_fish":1,"minecraft:stone_pickaxe":134,"minecraft:spruce_planks":1,"minecraft:wooden_pickaxe":52,"minecraft:sandstone":1,"minecraft:torch":48,"minecraft:glow_berries":11,"minecraft:dirt":3,"minecraft:sand":3,"minecraft:crafting_table":3,"minecraft:spider_eye":1,"minecraft:rooted_dirt":3,"minecraft:iron_pickaxe":88,"minecraft:cobblestone":19,"minecraft:sweet_berries":58,"minecraft:furnace":2},"minecraft:picked_up":{"minecraft:crafting_table":9,"minecraft:clay_ball":72,"minecraft:brown_mushroom":3,"minecraft:leather":2,"minecraft:golden_leggings":2,"minecraft:flint":7,"minecraft:gunpowder":6,"minecraft:string":20,"minecraft:dirt":3,"minecraft:flint_and_steel":2,"minecraft:bone":8,"minecraft:wheat_seeds":5,"minecraft:cobbled_deepslate":1,"minecraft:spruce_planks":29,"minecraft:iron_ingot":4,"minecraft:beef":3,"minecraft:stone_pickaxe":3,"minecraft:azalea":1,"minecraft:iron_pickaxe":1,"minecraft:moss_block":9,"minecraft:flowering_azalea":4,"minecraft:furnace":5,"minecraft:stick":19,"minecraft:raw_iron":127,"minecraft:sandstone":3,"minecraft:sweet_berries":148,"minecraft:torch":70,"minecraft:sand":11,"minecraft:spruce_sapling":2,"minecraft:diorite":9,"minecraft:spruce_log":27,"minecraft:spider_eye":2,"minecraft:stone_sword":4,"minecraft:arrow":4,"minecraft:rotten_flesh":6,"minecraft:tropical_fish":1,"minecraft:diamond":6,"minecraft:spruce_boat":3,"minecraft:granite":30,"minecraft:gray_wool":1,"minecraft:rooted_dirt":3,"minecraft:coal":13,"minecraft:obsidian":4,"minecraft:glow_berries":23,"minecraft:mutton":2,"minecraft:white_wool":3,"minecraft:cobblestone":227},"minecraft:killed_by":{"minecraft:player":1,"minecraft:enderman":1},"minecraft:killed":{"minecraft:spider":3,"minecraft:creeper":1,"minecraft:sheep":1,"minecraft:skeleton":2,"minecraft:zombie":10,"minecraft:cow":1},"minecraft:crafted":{"minecraft:spruce_planks":28,"minecraft:iron_helmet":2,"minecraft:wooden_pickaxe":1,"minecraft:iron_sword":1,"minecraft:bucket":1,"minecraft:cooked_mutton":2,"minecraft:air":0,"minecraft:iron_boots":2,"minecraft:iron_chestplate":2,"minecraft:white_wool":5,"minecraft:shield":2,"minecraft:stick":12,"minecraft:iron_ingot":82,"minecraft:iron_pickaxe":2,"minecraft:stone_pickaxe":2,"minecraft:iron_leggings":1,"minecraft:torch":16}},"DataVersion":3955}