{"stats":{"minecraft:mined":{"minecraft:white_bed":1,"minecraft:deepslate_diamond_ore":6,"minecraft:granite":30,"minecraft:grass_block":2,"minecraft:spruce_leaves":8,"minecraft:moss_block":5,"minecraft:sandstone":35,"minecraft:rooted_dirt":3,"minecraft:large_fern":7,"minecraft:furnace":5,"minecraft:iron_ore":30,"minecraft:andesite":1,"minecraft:cave_vines":3,"minecraft:deepslate_iron_ore":32,"minecraft:stone":131,"minecraft:podzol":3,"minecraft:flowering_azalea":1,"minecraft:red_bed":1,"minecraft:hanging_roots":1,"minecraft:kelp_plant":1,"minecraft:clay":4,"minecraft:crafting_table":4,"minecraft:torch":2,"minecraft:short_grass":10,"minecraft:tall_grass":5,"minecraft:cobblestone":1,"minecraft:deepslate_coal_ore":3,"minecraft:diorite":4,"minecraft:sweet_berry_bush":32,"minecraft:spruce_log":15,"minecraft:coal_ore":11,"minecraft:sand":76,"minecraft:dirt":11,"minecraft:cobweb":18,"minecraft:deepslate":1,"minecraft:fern":1},"minecraft:dropped":{"minecraft:bread":1,"minecraft:moss_block":3,"minecraft:brown_mushroom":3,"minecraft:wheat_seeds":4,"minecraft:iron_helmet":1,"minecraft:torch":25,"minecraft:mutton":2,"minecraft:iron_leggings":1,"minecraft:iron_pickaxe":2,"minecraft:bucket":1,"minecraft:sweet_berries":34,"minecraft:stone_sword":1,"minecraft:rotten_flesh":4,"minecraft:iron_boots":1,"minecraft:filled_map":1,"minecraft:shield":1,"minecraft:iron_chestplate":1,"minecraft:mossy_stone_bricks":1,"minecraft:leather_boots":1,"minecraft:spider_eye":1,"minecraft:stone_pickaxe":2,"minecraft:beef":3},"minecraft:custom":{"minecraft:mob_kills":30,"minecraft:interact_with_crafting_table":20,"minecraft:time_since_death":63619,"minecraft:climb_one_cm":391,"minecraft:sprint_one_cm":162389,"minecraft:walk_one_cm":135470,"minecraft:drop":50,"minecraft:play_time":101968,"minecraft:deaths":2,"minecraft:sneak_time":13590,"minecraft:walk_under_water_one_cm":38249,"minecraft:boat_one_cm":328942,"minecraft:jump":1423,"minecraft:walk_on_water_one_cm":29467,"minecraft:total_world_time":101968,"minecraft:interact_with_furnace":33,"minecraft:sleep_in_bed":1,"minecraft:time_since_rest":31217,"minecraft:damage_taken":1727,"minecraft:damage_dealt":3310,"minecraft:swim_one_cm":40245,"minecraft:fly_one_cm":247509,"minecraft:open_chest":4,"minecraft:crouch_one_cm":32740,"minecraft:fish_caught":8,"minecraft:fall_one_cm":37763},"minecraft:broken":{"minecraft:wooden_pickaxe":1,"minecraft:stone_pickaxe":1},"minecraft:used":{"minecraft:azalea":1,"minecraft:moss_block":5,"minecraft:stone_sword":113,"minecraft:iron_shovel":74,"minecraft:tropical_fish":1,"minecraft:light_gray_carpet":3,"minecraft:spruce_planks":1,"minecraft:cooked_salmon":3,"minecraft:torch":54,"minecraft:dirt":3,"minecraft:white_carpet":9,"minecraft:rooted_dirt":3,"minecraft:sweet_berries":58,"minecraft:furnace":3,"minecraft:cooked_cod":3,"minecraft:cooked_mutton":2,"minecraft:diorite":3,"minecraft:stone_pickaxe":134,"minecraft:wooden_pickaxe":52,"minecraft:sandstone":4,"minecraft:glow_berries":12,"minecraft:sand":7,"minecraft:crafting_table":6,"minecraft:spider_eye":1,"minecraft:white_bed":2,"minecraft:iron_pickaxe":138,"minecraft:fishing_rod":19,"minecraft:cobblestone":31},"minecraft:picked_up":{"minecraft:crafting_table":12,"minecraft:clay_ball":72,"minecraft:brown_mushroom":3,"minecraft:potion":1,"minecraft:red_bed":1,"minecraft:string":20,"minecraft:cooked_salmon":3,"minecraft:flint_and_steel":2,"minecraft:white_carpet":9,"minecraft:cobbled_deepslate":1,"minecraft:spruce_planks":29,"minecraft:beef":3,"minecraft:azalea":1,"minecraft:iron_pickaxe":1,"minecraft:furnace":7,"minecraft:raw_iron":127,"minecraft:stick":19,"minecraft:sandstone":22,"minecraft:torch":79,"minecraft:diorite":9,"minecraft:stone_sword":4,"minecraft:arrow":4,"minecraft:rotten_flesh":6,"minecraft:tropical_fish":1,"minecraft:mutton":12,"minecraft:glow_berries":23,"minecraft:obsidian":4,"minecraft:cod":10,"minecraft:white_wool":6,"minecraft:cobblestone":237,"minecraft:salmon":5,"minecraft:leather":2,"minecraft:golden_leggings":2,"minecraft:flint":7,"minecraft:gunpowder":6,"minecraft:dirt":16,"minecraft:leather_boots":1,"minecraft:bone":8,"minecraft:wheat_seeds":5,"minecraft:stone_pickaxe":3,"minecraft:iron_ingot":4,"minecraft:mossy_stone_bricks":1,"minecraft:moss_block":9,"minecraft:flowering_azalea":4,"minecraft:sweet_berries":148,"minecraft:sand":27,"minecraft:spruce_sapling":2,"minecraft:spruce_log":27,"minecraft:white_bed":1,"minecraft:spider_eye":2,"minecraft:diamond":6,"minecraft:spruce_boat":3,"minecraft:granite":30,"minecraft:gray_wool":3,"minecraft:rooted_dirt":3,"minecraft:light_gray_carpet":3,"minecraft:coal":19},"minecraft:killed_by":{"minecraft:player":1,"minecraft:enderman":1},"minecraft:crafted":{"minecraft:cooked_mutton":2,"minecraft:iron_boots":2,"minecraft:stone_pickaxe":2,"minecraft:cooked_cod":10,"minecraft:spruce_planks":28,"minecraft:wooden_pickaxe":1,"minecraft:iron_helmet":2,"minecraft:iron_sword":1,"minecraft:bucket":1,"minecraft:bread":1,"minecraft:air":0,"minecraft:white_wool":5,"minecraft:iron_chestplate":2,"minecraft:shield":2,"minecraft:stick":16,"minecraft:iron_ingot":82,"minecraft:iron_pickaxe":2,"minecraft:iron_shovel":1,"minecraft:iron_leggings":1,"minecraft:white_bed":1,"minecraft:torch":16},"minecraft:killed":{"minecraft:spider":3,"minecraft:cod":3,"minecraft:skeleton":2,"minecraft:salmon":4,"minecraft:creeper":1,"minecraft:sheep":6,"minecraft:zombie":10,"minecraft:cow":1}},"DataVersion":3955}