{"stats":{"minecraft:dropped":{"minecraft:sweet_berries":34,"minecraft:wheat_seeds":2,"minecraft:stone_sword":1,"minecraft:rotten_flesh":1,"minecraft:torch":24,"minecraft:mutton":2,"minecraft:beef":3,"minecraft:stone_pickaxe":2,"minecraft:iron_pickaxe":2,"minecraft:bucket":1},"minecraft:mined":{"minecraft:flowering_azalea":1,"minecraft:hanging_roots":1,"minecraft:deepslate_diamond_ore":6,"minecraft:clay":4,"minecraft:crafting_table":1,"minecraft:torch":2,"minecraft:short_grass":6,"minecraft:grass_block":1,"minecraft:tall_grass":4,"minecraft:deepslate_coal_ore":3,"minecraft:spruce_leaves":4,"minecraft:moss_block":5,"minecraft:diorite":3,"minecraft:sandstone":1,"minecraft:rooted_dirt":3,"minecraft:large_fern":7,"minecraft:furnace":2,"minecraft:iron_ore":27,"minecraft:sweet_berry_bush":32,"minecraft:spruce_log":15,"minecraft:coal_ore":10,"minecraft:cave_vines":2,"minecraft:deepslate_iron_ore":19,"minecraft:dirt":2,"minecraft:sand":4,"minecraft:cobweb":18,"minecraft:stone":65,"minecraft:deepslate":1},"minecraft:custom":{"minecraft:interact_with_furnace":12,"minecraft:mob_kills":17,"minecraft:interact_with_crafting_table":8,"minecraft:time_since_death":15619,"minecraft:climb_one_cm":391,"minecraft:time_since_rest":15650,"minecraft:sprint_one_cm":98622,"minecraft:damage_taken":1429,"minecraft:walk_one_cm":82997,"minecraft:drop":34,"minecraft:damage_dealt":2573,"minecraft:swim_one_cm":16973,"minecraft:fly_one_cm":104200,"minecraft:open_chest":1,"minecraft:crouch_one_cm":20252,"minecraft:play_time":53968,"minecraft:deaths":2,"minecraft:sneak_time":8311,"minecraft:walk_under_water_one_cm":8345,"minecraft:boat_one_cm":86431,"minecraft:jump":734,"minecraft:walk_on_water_one_cm":10346,"minecraft:total_world_time":53968,"minecraft:fall_one_cm":19368},"minecraft:broken":{"minecraft:wooden_pickaxe":1},"minecraft:used":{"minecraft:azalea":1,"minecraft:moss_block":5,"minecraft:cooked_mutton":2,"minecraft:diorite":3,"minecraft:stone_sword":85,"minecraft:tropical_fish":1,"minecraft:stone_pickaxe":110,"minecraft:spruce_planks":1,"minecraft:wooden_pickaxe":52,"minecraft:sandstone":1,"minecraft:torch":3,"minecraft:glow_berries":5,"minecraft:dirt":3,"minecraft:sand":3,"minecraft:crafting_table":3,"minecraft:spider_eye":1,"minecraft:rooted_dirt":3,"minecraft:iron_pickaxe":8,"minecraft:cobblestone":19,"minecraft:sweet_berries":58,"minecraft:furnace":2},"minecraft:picked_up":{"minecraft:crafting_table":8,"minecraft:clay_ball":72,"minecraft:brown_mushroom":3,"minecraft:leather":2,"minecraft:golden_leggings":2,"minecraft:flint":7,"minecraft:gunpowder":6,"minecraft:string":20,"minecraft:dirt":3,"minecraft:flint_and_steel":2,"minecraft:bone":8,"minecraft:wheat_seeds":4,"minecraft:cobbled_deepslate":1,"minecraft:spruce_planks":29,"minecraft:iron_ingot":2,"minecraft:beef":3,"minecraft:stone_pickaxe":3,"minecraft:azalea":1,"minecraft:iron_pickaxe":1,"minecraft:moss_block":9,"minecraft:flowering_azalea":4,"minecraft:furnace":4,"minecraft:stick":16,"minecraft:raw_iron":111,"minecraft:sandstone":3,"minecraft:sweet_berries":148,"minecraft:torch":30,"minecraft:sand":11,"minecraft:spruce_sapling":2,"minecraft:diorite":9,"minecraft:spruce_log":27,"minecraft:spider_eye":2,"minecraft:stone_sword":4,"minecraft:arrow":4,"minecraft:rotten_flesh":6,"minecraft:tropical_fish":1,"minecraft:diamond":6,"minecraft:spruce_boat":3,"minecraft:gray_wool":1,"minecraft:rooted_dirt":3,"minecraft:coal":13,"minecraft:obsidian":4,"minecraft:glow_berries":23,"minecraft:mutton":2,"minecraft:white_wool":3,"minecraft:cobblestone":170},"minecraft:killed_by":{"minecraft:player":1,"minecraft:enderman":1},"minecraft:killed":{"minecraft:spider":3,"minecraft:creeper":1,"minecraft:sheep":1,"minecraft:skeleton":2,"minecraft:zombie":9,"minecraft:cow":1},"minecraft:crafted":{"minecraft:spruce_planks":24,"minecraft:wooden_pickaxe":1,"minecraft:iron_sword":1,"minecraft:bucket":1,"minecraft:cooked_mutton":2,"minecraft:air":0,"minecraft:white_wool":5,"minecraft:stick":12,"minecraft:iron_ingot":34,"minecraft:iron_pickaxe":2,"minecraft:stone_pickaxe":2,"minecraft:torch":16}},"DataVersion":3955}