{"stats":{"minecraft:dropped":{"minecraft:sweet_berries":15,"minecraft:wheat_seeds":1,"minecraft:mutton":2,"minecraft:rotten_flesh":1,"minecraft:stone_pickaxe":1,"minecraft:beef":3},"minecraft:mined":{"minecraft:large_fern":7,"minecraft:furnace":1,"minecraft:sweet_berry_bush":31,"minecraft:spruce_log":15,"minecraft:crafting_table":1,"minecraft:grass_block":1,"minecraft:sand":4,"minecraft:dirt":2,"minecraft:spruce_leaves":4,"minecraft:stone":53,"minecraft:diorite":3,"minecraft:sandstone":1},"minecraft:custom":{"minecraft:time_since_rest":29968,"minecraft:interact_with_furnace":3,"minecraft:sprint_one_cm":53544,"minecraft:damage_taken":528,"minecraft:walk_one_cm":36093,"minecraft:mob_kills":7,"minecraft:drop":23,"minecraft:damage_dealt":901,"minecraft:swim_one_cm":16546,"minecraft:interact_with_crafting_table":3,"minecraft:fly_one_cm":65045,"minecraft:open_chest":1,"minecraft:crouch_one_cm":7492,"minecraft:play_time":29968,"minecraft:sneak_time":3689,"minecraft:walk_under_water_one_cm":6984,"minecraft:boat_one_cm":86431,"minecraft:jump":374,"minecraft:time_since_death":29968,"minecraft:walk_on_water_one_cm":4339,"minecraft:total_world_time":29968,"minecraft:fall_one_cm":10000},"minecraft:broken":{"minecraft:wooden_pickaxe":1},"minecraft:used":{"minecraft:cooked_mutton":2,"minecraft:stone_sword":19,"minecraft:stone_pickaxe":28,"minecraft:wooden_pickaxe":52,"minecraft:dirt":3,"minecraft:sweet_berries":25},"minecraft:picked_up":{"minecraft:stick":2,"minecraft:crafting_table":2,"minecraft:sandstone":1,"minecraft:sweet_berries":83,"minecraft:leather":1,"minecraft:sand":4,"minecraft:diorite":3,"minecraft:gunpowder":2,"minecraft:spruce_log":14,"minecraft:spider_eye":1,"minecraft:dirt":3,"minecraft:stone_sword":1,"minecraft:bone":2,"minecraft:arrow":1,"minecraft:rotten_flesh":2,"minecraft:spruce_boat":1,"minecraft:wheat_seeds":1,"minecraft:beef":3,"minecraft:mutton":2,"minecraft:white_wool":1,"minecraft:cobblestone":53,"minecraft:furnace":1},"minecraft:crafted":{"minecraft:spruce_planks":24,"minecraft:stick":12,"minecraft:wooden_pickaxe":1,"minecraft:stone_pickaxe":2,"minecraft:air":0,"minecraft:cooked_mutton":2},"minecraft:killed":{"minecraft:skeleton":1,"minecraft:sheep":1,"minecraft:zombie":2,"minecraft:spider":1,"minecraft:creeper":1,"minecraft:cow":1}},"DataVersion":3955}