{"stats":{"minecraft:mined":{"minecraft:white_bed":2,"minecraft:flowering_azalea":3,"minecraft:spruce_planks":9,"minecraft:brown_mushroom":3,"minecraft:deepslate_diamond_ore":6,"minecraft:clay":6,"minecraft:crafting_table":2,"minecraft:cave_vines_plant":33,"minecraft:short_grass":11,"minecraft:grass_block":1,"minecraft:tall_grass":14,"minecraft:deepslate_coal_ore":5,"minecraft:deepslate_gold_ore":1,"minecraft:lapis_ore":5,"minecraft:spruce_leaves":10,"minecraft:moss_block":10,"minecraft:diorite":2,"minecraft:sandstone":9,"minecraft:iron_ore":11,"minecraft:spruce_log":18,"minecraft:andesite":2,"minecraft:deepslate_lapis_ore":2,"minecraft:coal_ore":17,"minecraft:deepslate_iron_ore":20,"minecraft:cave_vines":28,"minecraft:sand":8,"minecraft:dirt":1,"minecraft:azalea":4,"minecraft:stone_bricks":1,"minecraft:stone":42,"minecraft:mossy_stone_bricks":1,"minecraft:gold_ore":1,"minecraft:deepslate":1,"minecraft:fern":4},"minecraft:dropped":{"minecraft:moss_carpet":1,"minecraft:moss_block":9,"minecraft:wheat_seeds":1,"minecraft:stone_sword":1,"minecraft:cobbled_deepslate":1,"minecraft:raw_iron":24,"minecraft:stick":3,"minecraft:filled_map":1,"minecraft:gunpowder":2,"minecraft:mutton":4,"minecraft:andesite":2,"minecraft:azalea":3,"minecraft:leather_boots":1,"minecraft:cooked_salmon":2,"minecraft:flowering_azalea":2,"minecraft:stone_pickaxe":1,"minecraft:wooden_pickaxe":1,"minecraft:sand":5,"minecraft:white_wool":2,"minecraft:black_wool":1},"minecraft:custom":{"minecraft:interact_with_furnace":6,"minecraft:mob_kills":10,"minecraft:interact_with_crafting_table":8,"minecraft:time_since_death":59156,"minecraft:sleep_in_bed":3,"minecraft:climb_one_cm":2066,"minecraft:time_since_rest":9315,"minecraft:sprint_one_cm":156734,"minecraft:damage_taken":1702,"minecraft:walk_one_cm":289820,"minecraft:drop":28,"minecraft:damage_dealt":1747,"minecraft:swim_one_cm":41785,"minecraft:fly_one_cm":127290,"minecraft:player_kills":1,"minecraft:open_chest":1,"minecraft:crouch_one_cm":1215,"minecraft:play_time":101961,"minecraft:deaths":4,"minecraft:sneak_time":430,"minecraft:walk_under_water_one_cm":26407,"minecraft:boat_one_cm":369137,"minecraft:jump":1784,"minecraft:walk_on_water_one_cm":37633,"minecraft:total_world_time":101961,"minecraft:fall_one_cm":34286},"minecraft:used":{"minecraft:water_bucket":20,"minecraft:diorite":2,"minecraft:stone_sword":36,"minecraft:stone_pickaxe":87,"minecraft:spruce_planks":20,"minecraft:sandstone":15,"minecraft:cooked_salmon":2,"minecraft:iron_chestplate":1,"minecraft:glow_berries":13,"minecraft:dirt":13,"minecraft:sand":11,"minecraft:mutton":3,"minecraft:crafting_table":3,"minecraft:white_bed":1,"minecraft:redstone_torch":1,"minecraft:spruce_boat":5,"minecraft:bread":1,"minecraft:iron_pickaxe":71,"minecraft:iron_helmet":1,"minecraft:iron_boots":1,"minecraft:spruce_sapling":2,"minecraft:diamond_sword":11,"minecraft:stone_bricks":1,"minecraft:stone_axe":32,"minecraft:cobblestone":7,"minecraft:beef":3,"minecraft:sweet_berries":21,"minecraft:furnace":1,"minecraft:bucket":21,"minecraft:gray_wool":1,"minecraft:iron_leggings":1},"minecraft:picked_up":{"minecraft:iron_chestplate":1,"minecraft:crafting_table":1,"minecraft:clay_ball":24,"minecraft:andesite":2,"minecraft:brown_mushroom":6,"minecraft:filled_map":1,"minecraft:flint":14,"minecraft:shield":1,"minecraft:gunpowder":2,"minecraft:lapis_lazuli":50,"minecraft:dirt":28,"minecraft:moss_carpet":1,"minecraft:iron_leggings":1,"minecraft:leather_boots":1,"minecraft:stone_bricks":1,"minecraft:wheat_seeds":4,"minecraft:cobbled_deepslate":1,"minecraft:raw_gold":2,"minecraft:bucket":1,"minecraft:spruce_planks":122,"minecraft:redstone_torch":1,"minecraft:beef":3,"minecraft:stone_pickaxe":4,"minecraft:azalea":4,"minecraft:iron_pickaxe":1,"minecraft:moss_block":14,"minecraft:flowering_azalea":2,"minecraft:iron_boots":1,"minecraft:raw_iron":55,"minecraft:stick":2,"minecraft:sandstone":21,"minecraft:sweet_berries":39,"minecraft:torch":12,"minecraft:sand":66,"minecraft:spruce_sapling":6,"minecraft:diorite":6,"minecraft:white_bed":2,"minecraft:spruce_log":18,"minecraft:spider_eye":2,"minecraft:diamond":6,"minecraft:rotten_flesh":5,"minecraft:stone_sword":3,"minecraft:arrow":6,"minecraft:spruce_boat":2,"minecraft:stone_axe":3,"minecraft:iron_helmet":1,"minecraft:gray_wool":3,"minecraft:bread":1,"minecraft:black_wool":1,"minecraft:glow_berries":21,"minecraft:mutton":9,"minecraft:coal":22,"minecraft:white_wool":2,"minecraft:cobblestone":106},"minecraft:killed_by":{"minecraft:skeleton":2,"minecraft:zombie":1},"minecraft:killed":{"minecraft:zombie_villager":1,"minecraft:spider":1,"minecraft:sheep":5,"minecraft:skeleton":1,"minecraft:zombie":1},"minecraft:crafted":{"minecraft:diamond_sword":1,"minecraft:crafting_table":4,"minecraft:spruce_planks":72,"minecraft:wooden_pickaxe":1,"minecraft:furnace":1,"minecraft:cooked_salmon":4,"minecraft:stone_axe":1,"minecraft:stick":12,"minecraft:stone_sword":2,"minecraft:spruce_boat":3}},"DataVersion":3955}