{"stats":{"minecraft:dropped":{"minecraft:wheat_seeds":1,"minecraft:wooden_pickaxe":1},"minecraft:mined":{"minecraft:brown_mushroom":3,"minecraft:spruce_log":4,"minecraft:spruce_leaves":6,"minecraft:stone":22,"minecraft:fern":4},"minecraft:custom":{"minecraft:time_since_rest":8358,"minecraft:crouch_one_cm":756,"minecraft:play_time":11961,"minecraft:sprint_one_cm":26794,"minecraft:walk_one_cm":40975,"minecraft:damage_taken":288,"minecraft:deaths":1,"minecraft:sneak_time":134,"minecraft:walk_under_water_one_cm":483,"minecraft:mob_kills":1,"minecraft:drop":2,"minecraft:jump":181,"minecraft:damage_dealt":135,"minecraft:walk_on_water_one_cm":537,"minecraft:time_since_death":8215,"minecraft:total_world_time":11961,"minecraft:swim_one_cm":4120,"minecraft:interact_with_crafting_table":3,"minecraft:fly_one_cm":8957,"minecraft:fall_one_cm":5479},"minecraft:used":{"minecraft:mutton":1,"minecraft:dirt":11,"minecraft:cobblestone":1,"minecraft:crafting_table":2,"minecraft:stone_pickaxe":22,"minecraft:spruce_planks":3},"minecraft:picked_up":{"minecraft:brown_mushroom":3,"minecraft:wheat_seeds":1,"minecraft:stone_pickaxe":1,"minecraft:gray_wool":1,"minecraft:spruce_log":5,"minecraft:mutton":1,"minecraft:dirt":26,"minecraft:cobblestone":22},"minecraft:killed_by":{"minecraft:skeleton":1},"minecraft:crafted":{"minecraft:crafting_table":2,"minecraft:spruce_planks":20,"minecraft:stick":4,"minecraft:wooden_pickaxe":1},"minecraft:killed":{"minecraft:sheep":1}},"DataVersion":3955}