{"stats":{"minecraft:dropped":{"minecraft:wheat_seeds":1,"minecraft:stone_sword":1,"minecraft:raw_iron":24,"minecraft:gunpowder":2,"minecraft:stone_pickaxe":1,"minecraft:wooden_pickaxe":1,"minecraft:sand":2},"minecraft:mined":{"minecraft:flowering_azalea":1,"minecraft:spruce_planks":9,"minecraft:brown_mushroom":3,"minecraft:deepslate_diamond_ore":2,"minecraft:clay":6,"minecraft:crafting_table":1,"minecraft:cave_vines_plant":28,"minecraft:short_grass":1,"minecraft:grass_block":1,"minecraft:tall_grass":3,"minecraft:spruce_leaves":10,"minecraft:moss_block":9,"minecraft:diorite":2,"minecraft:iron_ore":9,"minecraft:spruce_log":18,"minecraft:deepslate_iron_ore":15,"minecraft:cave_vines":17,"minecraft:sand":8,"minecraft:dirt":1,"minecraft:azalea":3,"minecraft:stone":39,"minecraft:fern":4},"minecraft:custom":{"minecraft:interact_with_furnace":3,"minecraft:mob_kills":5,"minecraft:interact_with_crafting_table":6,"minecraft:time_since_death":5156,"minecraft:climb_one_cm":328,"minecraft:time_since_rest":5626,"minecraft:sprint_one_cm":72668,"minecraft:damage_taken":1287,"minecraft:walk_one_cm":150085,"minecraft:drop":9,"minecraft:damage_dealt":1373,"minecraft:swim_one_cm":9072,"minecraft:fly_one_cm":49710,"minecraft:player_kills":1,"minecraft:crouch_one_cm":884,"minecraft:play_time":47961,"minecraft:deaths":4,"minecraft:sneak_time":211,"minecraft:walk_under_water_one_cm":3874,"minecraft:boat_one_cm":130642,"minecraft:jump":835,"minecraft:walk_on_water_one_cm":13259,"minecraft:total_world_time":47961,"minecraft:fall_one_cm":17512},"minecraft:used":{"minecraft:water_bucket":1,"minecraft:diorite":2,"minecraft:stone_sword":36,"minecraft:stone_pickaxe":87,"minecraft:spruce_planks":15,"minecraft:glow_berries":6,"minecraft:dirt":13,"minecraft:sand":8,"minecraft:mutton":1,"minecraft:crafting_table":2,"minecraft:spruce_boat":3,"minecraft:iron_pickaxe":3,"minecraft:spruce_sapling":2,"minecraft:stone_axe":31,"minecraft:cobblestone":2,"minecraft:beef":3,"minecraft:sweet_berries":2,"minecraft:furnace":1,"minecraft:bucket":2},"minecraft:picked_up":{"minecraft:crafting_table":1,"minecraft:clay_ball":24,"minecraft:brown_mushroom":6,"minecraft:flint":14,"minecraft:gunpowder":2,"minecraft:dirt":28,"minecraft:moss_carpet":1,"minecraft:wheat_seeds":3,"minecraft:bucket":1,"minecraft:spruce_planks":122,"minecraft:beef":3,"minecraft:stone_pickaxe":4,"minecraft:azalea":2,"minecraft:iron_pickaxe":1,"minecraft:moss_block":10,"minecraft:raw_iron":48,"minecraft:stick":2,"minecraft:sweet_berries":20,"minecraft:torch":12,"minecraft:sand":17,"minecraft:spruce_sapling":6,"minecraft:diorite":6,"minecraft:spruce_log":18,"minecraft:spider_eye":2,"minecraft:diamond":2,"minecraft:rotten_flesh":2,"minecraft:stone_sword":3,"minecraft:arrow":6,"minecraft:spruce_boat":1,"minecraft:stone_axe":3,"minecraft:gray_wool":2,"minecraft:glow_berries":16,"minecraft:mutton":3,"minecraft:cobblestone":103},"minecraft:killed_by":{"minecraft:skeleton":2,"minecraft:zombie":1},"minecraft:killed":{"minecraft:zombie_villager":1,"minecraft:spider":1,"minecraft:sheep":1,"minecraft:skeleton":1,"minecraft:zombie":1},"minecraft:crafted":{"minecraft:crafting_table":3,"minecraft:spruce_planks":72,"minecraft:wooden_pickaxe":1,"minecraft:furnace":1,"minecraft:stone_axe":1,"minecraft:stick":8,"minecraft:stone_sword":2,"minecraft:spruce_boat":2}},"DataVersion":3955}