{"stats":{"minecraft:dropped":{"minecraft:wheat_seeds":1,"minecraft:stone_sword":1,"minecraft:gunpowder":2,"minecraft:wooden_pickaxe":1,"minecraft:sand":2},"minecraft:mined":{"minecraft:spruce_planks":9,"minecraft:brown_mushroom":3,"minecraft:clay":4,"minecraft:crafting_table":1,"minecraft:cave_vines_plant":11,"minecraft:grass_block":1,"minecraft:tall_grass":1,"minecraft:spruce_leaves":10,"minecraft:moss_block":3,"minecraft:diorite":2,"minecraft:spruce_log":18,"minecraft:cave_vines":8,"minecraft:sand":8,"minecraft:dirt":1,"minecraft:stone":39,"minecraft:fern":4},"minecraft:custom":{"minecraft:interact_with_furnace":3,"minecraft:mob_kills":4,"minecraft:interact_with_crafting_table":6,"minecraft:time_since_death":4012,"minecraft:time_since_rest":4043,"minecraft:sprint_one_cm":52449,"minecraft:damage_taken":977,"minecraft:walk_one_cm":99209,"minecraft:drop":7,"minecraft:damage_dealt":1114,"minecraft:swim_one_cm":9072,"minecraft:fly_one_cm":36757,"minecraft:player_kills":1,"minecraft:crouch_one_cm":884,"minecraft:play_time":35961,"minecraft:deaths":3,"minecraft:sneak_time":211,"minecraft:walk_under_water_one_cm":3874,"minecraft:boat_one_cm":130642,"minecraft:jump":579,"minecraft:walk_on_water_one_cm":7665,"minecraft:total_world_time":35961,"minecraft:fall_one_cm":14002},"minecraft:used":{"minecraft:diorite":2,"minecraft:stone_sword":28,"minecraft:stone_pickaxe":55,"minecraft:spruce_planks":14,"minecraft:glow_berries":2,"minecraft:dirt":13,"minecraft:sand":8,"minecraft:mutton":1,"minecraft:crafting_table":2,"minecraft:spruce_boat":3,"minecraft:spruce_sapling":2,"minecraft:stone_axe":31,"minecraft:cobblestone":1,"minecraft:beef":3,"minecraft:sweet_berries":2,"minecraft:furnace":1},"minecraft:picked_up":{"minecraft:crafting_table":1,"minecraft:clay_ball":16,"minecraft:brown_mushroom":6,"minecraft:flint":7,"minecraft:gunpowder":2,"minecraft:dirt":28,"minecraft:wheat_seeds":1,"minecraft:spruce_planks":85,"minecraft:beef":3,"minecraft:stone_pickaxe":2,"minecraft:moss_block":3,"minecraft:stick":2,"minecraft:sweet_berries":20,"minecraft:torch":12,"minecraft:sand":17,"minecraft:spruce_sapling":6,"minecraft:diorite":6,"minecraft:spruce_log":18,"minecraft:spider_eye":2,"minecraft:stone_sword":2,"minecraft:arrow":3,"minecraft:spruce_boat":1,"minecraft:stone_axe":2,"minecraft:gray_wool":2,"minecraft:glow_berries":10,"minecraft:mutton":3,"minecraft:cobblestone":80},"minecraft:killed_by":{"minecraft:skeleton":2},"minecraft:killed":{"minecraft:zombie_villager":1,"minecraft:spider":1,"minecraft:sheep":1,"minecraft:skeleton":1},"minecraft:crafted":{"minecraft:crafting_table":3,"minecraft:spruce_planks":72,"minecraft:wooden_pickaxe":1,"minecraft:furnace":1,"minecraft:stone_axe":1,"minecraft:stick":8,"minecraft:stone_sword":2,"minecraft:spruce_boat":2}},"DataVersion":3955}