{"stats":{"minecraft:dropped":{"minecraft:wheat_seeds":1,"minecraft:stone_sword":1,"minecraft:wooden_pickaxe":1},"minecraft:mined":{"minecraft:spruce_planks":1,"minecraft:brown_mushroom":3,"minecraft:spruce_log":18,"minecraft:crafting_table":1,"minecraft:sand":5,"minecraft:spruce_leaves":6,"minecraft:stone":29,"minecraft:diorite":2,"minecraft:fern":4},"minecraft:custom":{"minecraft:time_since_rest":20358,"minecraft:interact_with_furnace":3,"minecraft:sprint_one_cm":43222,"minecraft:damage_taken":507,"minecraft:walk_one_cm":64431,"minecraft:mob_kills":3,"minecraft:drop":3,"minecraft:damage_dealt":672,"minecraft:interact_with_crafting_table":6,"minecraft:swim_one_cm":9072,"minecraft:fly_one_cm":17972,"minecraft:crouch_one_cm":884,"minecraft:play_time":23961,"minecraft:deaths":1,"minecraft:sneak_time":211,"minecraft:walk_under_water_one_cm":3874,"minecraft:boat_one_cm":130642,"minecraft:jump":276,"minecraft:time_since_death":20215,"minecraft:walk_on_water_one_cm":4779,"minecraft:total_world_time":23961,"minecraft:fall_one_cm":7954},"minecraft:used":{"minecraft:spruce_boat":3,"minecraft:stone_sword":15,"minecraft:stone_pickaxe":31,"minecraft:spruce_planks":5,"minecraft:stone_axe":20,"minecraft:sweet_berries":2,"minecraft:cobblestone":1,"minecraft:dirt":11,"minecraft:mutton":1,"minecraft:beef":3,"minecraft:crafting_table":2,"minecraft:furnace":1},"minecraft:picked_up":{"minecraft:sweet_berries":11,"minecraft:brown_mushroom":3,"minecraft:sand":4,"minecraft:spruce_sapling":2,"minecraft:diorite":2,"minecraft:spruce_log":18,"minecraft:spider_eye":1,"minecraft:dirt":26,"minecraft:spruce_boat":1,"minecraft:wheat_seeds":1,"minecraft:spruce_planks":1,"minecraft:beef":3,"minecraft:stone_pickaxe":1,"minecraft:gray_wool":1,"minecraft:mutton":3,"minecraft:cobblestone":29},"minecraft:killed_by":{"minecraft:skeleton":1},"minecraft:crafted":{"minecraft:crafting_table":3,"minecraft:spruce_planks":72,"minecraft:stick":8,"minecraft:wooden_pickaxe":1,"minecraft:stone_sword":2,"minecraft:furnace":1,"minecraft:spruce_boat":2,"minecraft:stone_axe":1},"minecraft:killed":{"minecraft:sheep":1,"minecraft:zombie_villager":1,"minecraft:spider":1}},"DataVersion":3955}