{"minecraft:recipes/redstone/lever":{"criteria":{"has_cobblestone":"2024-10-16 03:16:15 +0000"},"done":true},"minecraft:recipes/combat/leather_helmet":{"criteria":{"has_leather":"2024-10-16 03:20:01 +0000"},"done":true},"minecraft:recipes/decorations/ladder":{"criteria":{"has_stick":"2024-10-16 03:16:03 +0000"},"done":true},"minecraft:recipes/transportation/mangrove_boat":{"criteria":{"in_water":"2024-10-16 03:18:12 +0000"},"done":true},"minecraft:recipes/redstone/spruce_button":{"criteria":{"has_planks":"2024-10-16 03:16:00 +0000"},"done":true},"minecraft:recipes/decorations/torch":{"criteria":{"has_stone_pickaxe":"2024-10-16 03:16:44 +0000"},"done":true},"minecraft:recipes/combat/leather_leggings":{"criteria":{"has_leather":"2024-10-16 03:20:01 +0000"},"done":true},"minecraft:recipes/building_blocks/spruce_planks":{"criteria":{"has_logs":"2024-10-16 03:15:36 +0000"},"done":true},"minecraft:recipes/food/cooked_beef_from_smoking":{"criteria":{"has_beef":"2024-10-16 03:20:01 +0000"},"done":true},"minecraft:recipes/food/cooked_mutton_from_smoking":{"criteria":{"has_mutton":"2024-10-16 03:20:11 +0000"},"done":true},"minecraft:recipes/redstone/spruce_pressure_plate":{"criteria":{"has_planks":"2024-10-16 03:16:00 +0000"},"done":true},"minecraft:recipes/combat/stone_sword":{"criteria":{"has_cobblestone":"2024-10-16 03:16:15 +0000"},"done":true},"minecraft:recipes/decorations/cobblestone_wall":{"criteria":{"has_cobblestone":"2024-10-16 03:16:15 +0000"},"done":true},"minecraft:recipes/tools/stone_pickaxe":{"criteria":{"has_cobblestone":"2024-10-16 03:16:15 +0000"},"done":true},"minecraft:recipes/tools/stone_axe":{"criteria":{"has_cobblestone":"2024-10-16 03:16:15 +0000"},"done":true},"minecraft:recipes/food/cooked_mutton":{"criteria":{"has_mutton":"2024-10-16 03:20:11 +0000"},"done":true},"minecraft:recipes/decorations/campfire":{"criteria":{"has_stick":"2024-10-16 03:16:03 +0000"},"done":true},"minecraft:recipes/tools/wooden_hoe":{"criteria":{"has_stick":"2024-10-16 03:16:03 +0000"},"done":true},"minecraft:recipes/decorations/white_banner":{"criteria":{"has_white_wool":"2024-10-16 03:20:11 +0000"},"done":true},"minecraft:story/mine_stone":{"criteria":{"get_stone":"2024-10-16 03:16:15 +0000"},"done":true},"minecraft:recipes/decorations/furnace":{"criteria":{"has_cobblestone":"2024-10-16 03:16:15 +0000"},"done":true},"minecraft:recipes/misc/charcoal":{"criteria":{"has_log":"2024-10-16 03:15:36 +0000"},"done":true},"minecraft:recipes/tools/wooden_pickaxe":{"criteria":{"has_stick":"2024-10-16 03:16:03 +0000"},"done":true},"minecraft:recipes/decorations/item_frame":{"criteria":{"has_leather":"2024-10-16 03:20:01 +0000"},"done":true},"minecraft:story/upgrade_tools":{"criteria":{"stone_pickaxe":"2024-10-16 03:16:43 +0000"},"done":true},"minecraft:recipes/tools/wooden_axe":{"criteria":{"has_stick":"2024-10-16 03:16:03 +0000"},"done":true},"minecraft:recipes/decorations/spruce_sign":{"criteria":{"has_planks":"2024-10-16 03:16:00 +0000"},"done":true},"minecraft:recipes/decorations/painting":{"criteria":{"has_wool":"2024-10-16 03:20:11 +0000"},"done":true},"minecraft:recipes/combat/leather_chestplate":{"criteria":{"has_leather":"2024-10-16 03:20:01 +0000"},"done":true},"minecraft:recipes/redstone/spruce_trapdoor":{"criteria":{"has_planks":"2024-10-16 03:16:00 +0000"},"done":true},"minecraft:recipes/food/cooked_mutton_from_campfire_cooking":{"criteria":{"has_mutton":"2024-10-16 03:20:11 +0000"},"done":true},"minecraft:recipes/redstone/spruce_door":{"criteria":{"has_planks":"2024-10-16 03:16:00 +0000"},"done":true},"minecraft:recipes/redstone/spruce_fence_gate":{"criteria":{"has_planks":"2024-10-16 03:16:00 +0000"},"done":true},"minecraft:recipes/decorations/crafting_table":{"criteria":{"unlock_right_away":"2024-10-16 03:08:23 +0000"},"done":true},"minecraft:recipes/decorations/chest":{"criteria":{"has_lots_of_items":"2024-10-16 03:19:52 +0000"},"done":true},"minecraft:recipes/tools/wooden_shovel":{"criteria":{"has_stick":"2024-10-16 03:16:03 +0000"},"done":true},"minecraft:recipes/misc/stick":{"criteria":{"has_planks":"2024-10-16 03:16:00 +0000"},"done":true},"minecraft:recipes/building_blocks/cobblestone_slab":{"criteria":{"has_cobblestone":"2024-10-16 03:16:15 +0000"},"done":true},"minecraft:recipes/building_blocks/cobblestone_slab_from_cobblestone_stonecutting":{"criteria":{"has_cobblestone":"2024-10-16 03:16:15 +0000"},"done":true},"minecraft:recipes/transportation/acacia_boat":{"criteria":{"in_water":"2024-10-16 03:18:12 +0000"},"done":true},"minecraft:recipes/transportation/cherry_boat":{"criteria":{"in_water":"2024-10-16 03:18:12 +0000"},"done":true},"minecraft:adventure/root":{"criteria":{"killed_something":"2024-10-16 03:20:00 +0000"},"done":true},"minecraft:recipes/building_blocks/spruce_wood":{"criteria":{"has_log":"2024-10-16 03:15:36 +0000"},"done":true},"minecraft:recipes/combat/wooden_sword":{"criteria":{"has_stick":"2024-10-16 03:16:03 +0000"},"done":true},"minecraft:recipes/building_blocks/stone":{"criteria":{"has_cobblestone":"2024-10-16 03:16:15 +0000"},"done":true},"minecraft:adventure/adventuring_time":{"criteria":{"minecraft:beach":"2024-10-16 03:19:07 +0000","minecraft:old_growth_pine_taiga":"2024-10-16 03:20:58 +0000","minecraft:taiga":"2024-10-16 03:08:23 +0000","minecraft:river":"2024-10-16 03:19:39 +0000"},"done":false},"minecraft:recipes/transportation/bamboo_raft":{"criteria":{"in_water":"2024-10-16 03:18:12 +0000"},"done":true},"minecraft:recipes/decorations/barrel":{"criteria":{"has_planks":"2024-10-16 03:16:00 +0000"},"done":true},"minecraft:recipes/combat/leather_boots":{"criteria":{"has_leather":"2024-10-16 03:20:01 +0000"},"done":true},"minecraft:recipes/decorations/cobblestone_wall_from_cobblestone_stonecutting":{"criteria":{"has_cobblestone":"2024-10-16 03:16:15 +0000"},"done":true},"minecraft:recipes/building_blocks/cobblestone_stairs_from_cobblestone_stonecutting":{"criteria":{"has_cobblestone":"2024-10-16 03:16:15 +0000"},"done":true},"minecraft:recipes/decorations/white_bed":{"criteria":{"has_white_wool":"2024-10-16 03:20:11 +0000"},"done":true},"minecraft:recipes/transportation/spruce_boat":{"criteria":{"in_water":"2024-10-16 03:18:12 +0000"},"done":true},"minecraft:husbandry/balanced_diet":{"criteria":{"sweet_berries":"2024-10-16 03:20:38 +0000"},"done":false},"minecraft:recipes/building_blocks/cobblestone_stairs":{"criteria":{"has_cobblestone":"2024-10-16 03:16:15 +0000"},"done":true},"minecraft:recipes/misc/leather_horse_armor":{"criteria":{"has_leather":"2024-10-16 03:20:01 +0000"},"done":true},"minecraft:husbandry/root":{"criteria":{"consumed_item":"2024-10-16 03:20:38 +0000"},"done":true},"minecraft:recipes/transportation/birch_boat":{"criteria":{"in_water":"2024-10-16 03:18:12 +0000"},"done":true},"minecraft:recipes/tools/stone_hoe":{"criteria":{"has_cobblestone":"2024-10-16 03:16:15 +0000"},"done":true},"minecraft:recipes/decorations/spruce_fence":{"criteria":{"has_planks":"2024-10-16 03:16:00 +0000"},"done":true},"minecraft:recipes/decorations/white_carpet":{"criteria":{"has_white_wool":"2024-10-16 03:20:11 +0000"},"done":true},"minecraft:recipes/building_blocks/spruce_stairs":{"criteria":{"has_planks":"2024-10-16 03:16:00 +0000"},"done":true},"minecraft:recipes/transportation/oak_boat":{"criteria":{"in_water":"2024-10-16 03:18:12 +0000"},"done":true},"minecraft:recipes/tools/stone_shovel":{"criteria":{"has_cobblestone":"2024-10-16 03:16:15 +0000"},"done":true},"minecraft:recipes/building_blocks/spruce_slab":{"criteria":{"has_planks":"2024-10-16 03:16:00 +0000"},"done":true},"minecraft:story/root":{"criteria":{"crafting_table":"2024-10-16 03:17:07 +0000"},"done":true},"minecraft:recipes/food/cooked_beef":{"criteria":{"has_beef":"2024-10-16 03:20:01 +0000"},"done":true},"minecraft:recipes/transportation/jungle_boat":{"criteria":{"in_water":"2024-10-16 03:18:12 +0000"},"done":true},"minecraft:recipes/transportation/dark_oak_boat":{"criteria":{"in_water":"2024-10-16 03:18:12 +0000"},"done":true},"minecraft:recipes/food/cooked_beef_from_campfire_cooking":{"criteria":{"has_beef":"2024-10-16 03:20:01 +0000"},"done":true},"DataVersion":3955}